class_id,target,target_super_group
9a5896f9ff163fe54390aa23e9a05c46,"[{""_id"":""b81a8991dd18c0b47f6bc16c47dfa0ae"",""title"":[{""language"":""English"",""value"":""SSC CGL""}]},{""_id"":""ce93e65e281ffed2347769d363c25b70"",""title"":[{""language"":""English"",""value"":""RRB NTPC""}]},{""_id"":""dc1fde03ccd13f16973f5360cb63f479"",""title"":[{""language"":""English"",""value"":""LIC AAO""},{""language"":""Hindi"",""value"":""""}]},{""_id"":""a4b3f38ba5a80bc0ccb9d7e2be728229"",""isPrimary"":true,""title"":[{""language"":""English"",""value"":""SBI PO""}]},{""_id"":""21cde520a11aea91d3b0c222ee9f52a4"",""title"":[{""language"":""English"",""value"":""SBI Clerk""},{""language"":""Hindi"",""value"":""""}]}]","[{""_id"":""4db3fc331f6c3cc1afcd4cb6938db9d0"",""isPrimary"":true,""title"":[{""language"":""English"",""value"":""Banking Exams""},{""language"":""Hindi"",""value"":""""}]},{""_id"":""e992109a17e84f458f34c1b888c23205"",""title"":[{""language"":""English"",""value"":""SSC Exams""},{""language"":""Hindi"",""value"":""""}]}]"
80714763e74d90914b3251a00a9a1b85,"[{""_id"":""21cde520a11aea91d3b0c222ee9f52a4"",""title"":[{""language"":""English"",""value"":""SBI Clerk""},{""language"":""Hindi"",""value"":""""}]},{""_id"":""a4b3f38ba5a80bc0ccb9d7e2be728229"",""isPrimary"":true,""title"":[{""language"":""English"",""value"":""SBI PO""},{""language"":""Hindi"",""value"":""""}]},{""_id"":""8dce41b95f3777d43d7ac6259bf1c39a"",""title"":[{""language"":""English"",""value"":""IBPS PO""},{""language"":""Hindi"",""value"":""""}]},{""_id"":""481abd1205b8a03a63984864cd9419bb"",""title"":[{""language"":""English"",""value"":""IBPS Clerk""},{""language"":""Hindi"",""value"":""""}]},{""_id"":""4fe9e0b9fb1bf8863faf1627ec4393bf"",""title"":[{""language"":""English"",""value"":""IBPS SO""},{""language"":""Hindi"",""value"":""""}]},{""_id"":""267449cef6a69ddba57803a44daea1fa"",""title"":[{""language"":""English"",""value"":""RRB Officer Scale - I""},{""language"":""Hindi"",""value"":""""}]},{""_id"":""5e85dcf35732f4a71776033551e00ca4"",""title"":[{""language"":""English"",""value"":""RRB Office Assistant""},{""language"":""Hindi"",""value"":""""}]}]","[{""_id"":""4db3fc331f6c3cc1afcd4cb6938db9d0"",""isPrimary"":true,""title"":[{""language"":""English"",""value"":""Banking Exams""},{""language"":""Hindi"",""value"":""""}]}]"
b6abd291efa202c568f7e24dec8c26dc,"[{""_id"":""8dce41b95f3777d43d7ac6259bf1c39a"",""title"":[{""language"":""English"",""value"":""IBPS PO""}]},{""_id"":""481abd1205b8a03a63984864cd9419bb"",""title"":[{""language"":""English"",""value"":""IBPS Clerk""}]},{""_id"":""a4b3f38ba5a80bc0ccb9d7e2be728229"",""isPrimary"":true,""title"":[{""language"":""English"",""value"":""SBI PO""},{""language"":""Hindi"",""value"":""""}]},{""_id"":""21cde520a11aea91d3b0c222ee9f52a4"",""title"":[{""language"":""English"",""value"":""SBI Clerk""},{""language"":""Hindi"",""value"":""""}]},{""_id"":""267449cef6a69ddba57803a44daea1fa"",""title"":[{""language"":""English"",""value"":""RRB Officer Scale - I""},{""language"":""Hindi"",""value"":""""}]},{""_id"":""5e85dcf35732f4a71776033551e00ca4"",""title"":[{""language"":""English"",""value"":""RRB Office Assistant""},{""language"":""Hindi"",""value"":""""}]}]","[{""_id"":""4db3fc331f6c3cc1afcd4cb6938db9d0"",""isPrimary"":true,""title"":[{""language"":""English"",""value"":""Banking Exams""},{""language"":""Hindi"",""value"":""""}]}]"
ff9317caee0d6c22fc730a881f0fe1b2,"[{""_id"":""ce93e65e281ffed2347769d363c25b70"",""title"":[{""language"":""English"",""value"":""RRB NTPC""}]},{""_id"":""938273f6322e14e3ae2ea70e96855a1f"",""title"":[{""language"":""English"",""value"":""RRC Group D""}]},{""_id"":""d2fbe7905f7f98b8bad4049d937dc090"",""title"":[{""language"":""English"",""value"":""SSC CPO""}]},{""_id"":""b81a8991dd18c0b47f6bc16c47dfa0ae"",""isPrimary"":true,""title"":[{""language"":""English"",""value"":""SSC CGL""}]},{""_id"":""b5dc7859e29e978c0c93d8592dd2a3c0"",""title"":[{""language"":""English"",""value"":""SSC CHSL""},{""language"":""Hindi"",""value"":""""}]}]","[{""_id"":""e992109a17e84f458f34c1b888c23205"",""isPrimary"":true,""title"":[{""language"":""English"",""value"":""SSC Exams""},{""language"":""Hindi"",""value"":""""}]}]"
6eec3063cb4057d3e3e4596295162cb5,"[{""_id"":""b81a8991dd18c0b47f6bc16c47dfa0ae"",""title"":[{""language"":""English"",""value"":""SSC CGL""}]},{""_id"":""ce93e65e281ffed2347769d363c25b70"",""title"":[{""language"":""English"",""value"":""RRB NTPC""}]},{""_id"":""938273f6322e14e3ae2ea70e96855a1f"",""title"":[{""language"":""English"",""value"":""RRC Group D""}]}]",""""""
b9a290b7910a1b844f63d0a68916ebfc,"[{""_id"":""21cde520a11aea91d3b0c222ee9f52a4"",""isPrimary"":true,""title"":[{""language"":""English"",""value"":""SBI Clerk""},{""language"":""Hindi"",""value"":""""}]}]","[{""_id"":""4db3fc331f6c3cc1afcd4cb6938db9d0"",""isPrimary"":true,""title"":[{""language"":""English"",""value"":""Banking Exams""},{""language"":""Hindi"",""value"":""""}]}]"
248fa73a6000ab4bc59ac1aba167dafc,"[{""_id"":""938273f6322e14e3ae2ea70e96855a1f"",""title"":[{""language"":""English"",""value"":""RRC Group D""}]},{""_id"":""ce93e65e281ffed2347769d363c25b70"",""isPrimary"":true,""title"":[{""language"":""English"",""value"":""RRB NTPC""}]},{""_id"":""ddb1ea775d3fb3576b19b053a8cb3a0a"",""title"":[{""language"":""English"",""value"":""RRB JE""},{""language"":""Hindi"",""value"":""""}]}]","[{""_id"":""67bcbee6ffd1bf148fc2fb934d55f07e"",""isPrimary"":true,""title"":[{""language"":""English"",""value"":""Railways Exams""},{""language"":""Hindi"",""value"":""""}]}]"
e57620808da8faf9a656203e2667c042,"[{""_id"":""938273f6322e14e3ae2ea70e96855a1f"",""title"":[{""language"":""English"",""value"":""RRC Group D""}]},{""_id"":""ce93e65e281ffed2347769d363c25b70"",""isPrimary"":true,""title"":[{""language"":""English"",""value"":""RRB NTPC""}]},{""_id"":""ddb1ea775d3fb3576b19b053a8cb3a0a"",""title"":[{""language"":""English"",""value"":""RRB JE""},{""language"":""Hindi"",""value"":""""}]}]","[{""_id"":""67bcbee6ffd1bf148fc2fb934d55f07e"",""isPrimary"":true,""title"":[{""language"":""English"",""value"":""Railways Exams""},{""language"":""Hindi"",""value"":""""}]}]"
5fce3a4417ae656f68006af999ecffdc,"[{""_id"":""21cde520a11aea91d3b0c222ee9f52a4"",""title"":[{""language"":""English"",""value"":""SBI Clerk""}]},{""_id"":""481abd1205b8a03a63984864cd9419bb"",""title"":[{""language"":""English"",""value"":""IBPS Clerk""}]},{""_id"":""8dce41b95f3777d43d7ac6259bf1c39a"",""title"":[{""language"":""English"",""value"":""IBPS PO""}]},{""_id"":""a4b3f38ba5a80bc0ccb9d7e2be728229"",""isPrimary"":true,""title"":[{""language"":""English"",""value"":""SBI PO""}]},{""_id"":""267449cef6a69ddba57803a44daea1fa"",""title"":[{""language"":""English"",""value"":""RRB Officer Scale - I""},{""language"":""Hindi"",""value"":""""}]},{""_id"":""5e85dcf35732f4a71776033551e00ca4"",""title"":[{""language"":""English"",""value"":""RRB Office Assistant""},{""language"":""Hindi"",""value"":""""}]}]","[{""_id"":""4db3fc331f6c3cc1afcd4cb6938db9d0"",""isPrimary"":true,""title"":[{""language"":""English"",""value"":""Banking Exams""},{""language"":""Hindi"",""value"":""""}]}]"
cb20045f5a904772d228e8be9112e86d,"[{""_id"":""481abd1205b8a03a63984864cd9419bb"",""title"":[{""language"":""English"",""value"":""IBPS Clerk""}]},{""_id"":""8dce41b95f3777d43d7ac6259bf1c39a"",""title"":[{""language"":""English"",""value"":""IBPS PO""}]},{""_id"":""21cde520a11aea91d3b0c222ee9f52a4"",""title"":[{""language"":""English"",""value"":""SBI Clerk""}]},{""_id"":""a4b3f38ba5a80bc0ccb9d7e2be728229"",""isPrimary"":true,""title"":[{""language"":""English"",""value"":""SBI PO""}]},{""_id"":""4fe9e0b9fb1bf8863faf1627ec4393bf"",""title"":[{""language"":""English"",""value"":""IBPS SO""},{""language"":""Hindi"",""value"":""""}]},{""_id"":""267449cef6a69ddba57803a44daea1fa"",""title"":[{""language"":""English"",""value"":""RRB Officer Scale - I""},{""language"":""Hindi"",""value"":""""}]}]","[{""_id"":""4db3fc331f6c3cc1afcd4cb6938db9d0"",""isPrimary"":true,""title"":[{""language"":""English"",""value"":""Banking Exams""},{""language"":""Hindi"",""value"":""""}]}]"
531242bb04e4416aef2cb4773d3e657c,"[{""_id"":""ce93e65e281ffed2347769d363c25b70"",""isPrimary"":true,""title"":[{""language"":""English"",""value"":""RRB NTPC""},{""language"":""Hindi"",""value"":""""}]}]","[{""_id"":""67bcbee6ffd1bf148fc2fb934d55f07e"",""isPrimary"":true,""title"":[{""language"":""English"",""value"":""Railways Exams""},{""language"":""Hindi"",""value"":""""}]}]"
d3ec8653363f43482576bf077a54abe0,"[{""_id"":""938273f6322e14e3ae2ea70e96855a1f"",""isPrimary"":true,""title"":[{""language"":""English"",""value"":""RRC Group D""},{""language"":""Hindi"",""value"":""""}]}]","[{""_id"":""67bcbee6ffd1bf148fc2fb934d55f07e"",""isPrimary"":true,""title"":[{""language"":""English"",""value"":""Railways Exams""},{""language"":""Hindi"",""value"":""""}]}]"
63c1c16e7b06c1ce16f01c0ac833ea78,"[{""_id"":""a4b3f38ba5a80bc0ccb9d7e2be728229"",""isPrimary"":true,""title"":[{""language"":""English"",""value"":""SBI PO""},{""language"":""Hindi"",""value"":""""}]}]","[{""_id"":""4db3fc331f6c3cc1afcd4cb6938db9d0"",""isPrimary"":true,""title"":[{""language"":""English"",""value"":""Banking Exams""},{""language"":""Hindi"",""value"":""""}]}]"
b33b0e9efdc9fc6348550e8dd2621d5b,"[{""_id"":""b81a8991dd18c0b47f6bc16c47dfa0ae"",""isPrimary"":true,""title"":[{""language"":""English"",""value"":""SSC CGL""},{""language"":""Hindi"",""value"":""""}]}]","[{""_id"":""e992109a17e84f458f34c1b888c23205"",""isPrimary"":true,""title"":[{""language"":""English"",""value"":""SSC Exams""},{""language"":""Hindi"",""value"":""""}]}]"
288c8641d88102a6666b58dd03f4452d,"[{""_id"":""dc1fde03ccd13f16973f5360cb63f479"",""isPrimary"":true,""title"":[{""language"":""English"",""value"":""LIC AAO""},{""language"":""Hindi"",""value"":""""}]}]","[{""_id"":""082939527b4bacf27fe9752a33a1a495"",""isPrimary"":true,""title"":[{""language"":""English"",""value"":""Insurance Exams""},{""language"":""Hindi"",""value"":""""}]}]"
941ed607bb13d564a92870912c79b474,"[{""_id"":""a4b3f38ba5a80bc0ccb9d7e2be728229"",""isPrimary"":true,""title"":[{""language"":""English"",""value"":""SBI PO""},{""language"":""Hindi"",""value"":""""}]}]","[{""_id"":""4db3fc331f6c3cc1afcd4cb6938db9d0"",""isPrimary"":true,""title"":[{""language"":""English"",""value"":""Banking Exams""},{""language"":""Hindi"",""value"":""""}]}]"
fd26d46f7361002216d3a40fb3504060,"[{""_id"":""a4b3f38ba5a80bc0ccb9d7e2be728229"",""isPrimary"":true,""title"":[{""language"":""English"",""value"":""SBI PO""},{""language"":""Hindi"",""value"":""""}]}]","[{""_id"":""4db3fc331f6c3cc1afcd4cb6938db9d0"",""isPrimary"":true,""title"":[{""language"":""English"",""value"":""Banking Exams""},{""language"":""Hindi"",""value"":""""}]}]"
5fb69b47a5fb89c8ed1832d006dd3198,"[{""_id"":""a4b3f38ba5a80bc0ccb9d7e2be728229"",""isPrimary"":true,""title"":[{""language"":""English"",""value"":""SBI PO""},{""language"":""Hindi"",""value"":""""}]}]","[{""_id"":""4db3fc331f6c3cc1afcd4cb6938db9d0"",""isPrimary"":true,""title"":[{""language"":""English"",""value"":""Banking Exams""},{""language"":""Hindi"",""value"":""""}]}]"
00ab07631696c897dfa6f037e1986ec5,"[{""_id"":""a4b3f38ba5a80bc0ccb9d7e2be728229"",""isPrimary"":true,""title"":[{""language"":""English"",""value"":""SBI PO""},{""language"":""Hindi"",""value"":""""}]}]","[{""_id"":""4db3fc331f6c3cc1afcd4cb6938db9d0"",""isPrimary"":true,""title"":[{""language"":""English"",""value"":""Banking Exams""},{""language"":""Hindi"",""value"":""""}]}]"
5e7c3b1dc2a713949b321e84c9f74875,"[{""_id"":""a4b3f38ba5a80bc0ccb9d7e2be728229"",""isPrimary"":true,""title"":[{""language"":""English"",""value"":""SBI PO""},{""language"":""Hindi"",""value"":""""}]}]","[{""_id"":""4db3fc331f6c3cc1afcd4cb6938db9d0"",""isPrimary"":true,""title"":[{""language"":""English"",""value"":""Banking Exams""},{""language"":""Hindi"",""value"":""""}]}]"
990c18615e7cc96f9c8bfb8843fe3074,"[{""_id"":""a4b3f38ba5a80bc0ccb9d7e2be728229"",""isPrimary"":true,""title"":[{""language"":""English"",""value"":""SBI PO""},{""language"":""Hindi"",""value"":""""}]},{""_id"":""dc1fde03ccd13f16973f5360cb63f479"",""title"":[{""language"":""English"",""value"":""LIC AAO""},{""language"":""Hindi"",""value"":""""}]}]","[{""_id"":""4db3fc331f6c3cc1afcd4cb6938db9d0"",""isPrimary"":true,""title"":[{""language"":""English"",""value"":""Banking Exams""},{""language"":""Hindi"",""value"":""""}]}]"
40da5c9ecda35006a3458363ddd766ff,"[{""_id"":""a4b3f38ba5a80bc0ccb9d7e2be728229"",""isPrimary"":true,""title"":[{""language"":""English"",""value"":""SBI PO""},{""language"":""Hindi"",""value"":""""}]},{""_id"":""dc1fde03ccd13f16973f5360cb63f479"",""title"":[{""language"":""English"",""value"":""LIC AAO""},{""language"":""Hindi"",""value"":""""}]}]","[{""_id"":""4db3fc331f6c3cc1afcd4cb6938db9d0"",""isPrimary"":true,""title"":[{""language"":""English"",""value"":""Banking Exams""},{""language"":""Hindi"",""value"":""""}]}]"
b6972c7e80fd9449ddccc7440f99d0d4,"[{""_id"":""a4b3f38ba5a80bc0ccb9d7e2be728229"",""isPrimary"":true,""title"":[{""language"":""English"",""value"":""SBI PO""},{""language"":""Hindi"",""value"":""""}]}]","[{""_id"":""4db3fc331f6c3cc1afcd4cb6938db9d0"",""isPrimary"":true,""title"":[{""language"":""English"",""value"":""Banking Exams""},{""language"":""Hindi"",""value"":""""}]}]"
c0603f74b65837ac04829e1ef44e0142,"[{""_id"":""21cde520a11aea91d3b0c222ee9f52a4"",""isPrimary"":true,""title"":[{""language"":""English"",""value"":""SBI Clerk""},{""language"":""Hindi"",""value"":""""}]},{""_id"":""dc1fde03ccd13f16973f5360cb63f479"",""title"":[{""language"":""English"",""value"":""LIC AAO""},{""language"":""Hindi"",""value"":""""}]}]","[{""_id"":""4db3fc331f6c3cc1afcd4cb6938db9d0"",""isPrimary"":true,""title"":[{""language"":""English"",""value"":""Banking Exams""},{""language"":""Hindi"",""value"":""""}]}]"
4771b6be3ebc18256967e13ae89fdebb,"[{""_id"":""21cde520a11aea91d3b0c222ee9f52a4"",""isPrimary"":true,""title"":[{""language"":""English"",""value"":""SBI Clerk""},{""language"":""Hindi"",""value"":""""}]},{""_id"":""dc1fde03ccd13f16973f5360cb63f479"",""title"":[{""language"":""English"",""value"":""LIC AAO""},{""language"":""Hindi"",""value"":""""}]}]","[{""_id"":""4db3fc331f6c3cc1afcd4cb6938db9d0"",""isPrimary"":true,""title"":[{""language"":""English"",""value"":""Banking Exams""},{""language"":""Hindi"",""value"":""""}]}]"
8772aad7bec32b654997d84d0aafb042,"[{""_id"":""21cde520a11aea91d3b0c222ee9f52a4"",""isPrimary"":true,""title"":[{""language"":""English"",""value"":""SBI Clerk""},{""language"":""Hindi"",""value"":""""}]},{""_id"":""dc1fde03ccd13f16973f5360cb63f479"",""title"":[{""language"":""English"",""value"":""LIC AAO""},{""language"":""Hindi"",""value"":""""}]}]","[{""_id"":""4db3fc331f6c3cc1afcd4cb6938db9d0"",""isPrimary"":true,""title"":[{""language"":""English"",""value"":""Banking Exams""},{""language"":""Hindi"",""value"":""""}]}]"
174550f1c2ad4247ba925b8996c66a44,"[{""_id"":""21cde520a11aea91d3b0c222ee9f52a4"",""isPrimary"":true,""title"":[{""language"":""English"",""value"":""SBI Clerk""},{""language"":""Hindi"",""value"":""""}]},{""_id"":""dc1fde03ccd13f16973f5360cb63f479"",""title"":[{""language"":""English"",""value"":""LIC AAO""},{""language"":""Hindi"",""value"":""""}]}]","[{""_id"":""4db3fc331f6c3cc1afcd4cb6938db9d0"",""isPrimary"":true,""title"":[{""language"":""English"",""value"":""Banking Exams""},{""language"":""Hindi"",""value"":""""}]}]"
dd3d5f861123c863da4180f0e68df15c,"[{""_id"":""21cde520a11aea91d3b0c222ee9f52a4"",""isPrimary"":true,""title"":[{""language"":""English"",""value"":""SBI Clerk""},{""language"":""Hindi"",""value"":""""}]},{""_id"":""dc1fde03ccd13f16973f5360cb63f479"",""title"":[{""language"":""English"",""value"":""LIC AAO""},{""language"":""Hindi"",""value"":""""}]}]","[{""_id"":""4db3fc331f6c3cc1afcd4cb6938db9d0"",""isPrimary"":true,""title"":[{""language"":""English"",""value"":""Banking Exams""},{""language"":""Hindi"",""value"":""""}]}]"
e46c8e4e08f7087ab2cc640f52609ece,"[{""_id"":""21cde520a11aea91d3b0c222ee9f52a4"",""isPrimary"":true,""title"":[{""language"":""English"",""value"":""SBI Clerk""},{""language"":""Hindi"",""value"":""""}]},{""_id"":""938273f6322e14e3ae2ea70e96855a1f"",""title"":[{""language"":""English"",""value"":""RRC Group D""},{""language"":""Hindi"",""value"":""""}]},{""_id"":""ce93e65e281ffed2347769d363c25b70"",""title"":[{""language"":""English"",""value"":""RRB NTPC""},{""language"":""Hindi"",""value"":""""}]},{""_id"":""b81a8991dd18c0b47f6bc16c47dfa0ae"",""title"":[{""language"":""English"",""value"":""SSC CGL""},{""language"":""Hindi"",""value"":""""}]}]","[{""_id"":""4db3fc331f6c3cc1afcd4cb6938db9d0"",""isPrimary"":true,""title"":[{""language"":""English"",""value"":""Banking Exams""},{""language"":""Hindi"",""value"":""""}]}]"
d9b87677d0fb669868d4af95ec65b5ad,"[{""_id"":""21cde520a11aea91d3b0c222ee9f52a4"",""isPrimary"":true,""title"":[{""language"":""English"",""value"":""SBI Clerk""},{""language"":""Hindi"",""value"":""""}]},{""_id"":""938273f6322e14e3ae2ea70e96855a1f"",""title"":[{""language"":""English"",""value"":""RRC Group D""},{""language"":""Hindi"",""value"":""""}]},{""_id"":""ce93e65e281ffed2347769d363c25b70"",""title"":[{""language"":""English"",""value"":""RRB NTPC""},{""language"":""Hindi"",""value"":""""}]},{""_id"":""b81a8991dd18c0b47f6bc16c47dfa0ae"",""title"":[{""language"":""English"",""value"":""SSC CGL""},{""language"":""Hindi"",""value"":""""}]}]","[{""_id"":""4db3fc331f6c3cc1afcd4cb6938db9d0"",""isPrimary"":true,""title"":[{""language"":""English"",""value"":""Banking Exams""},{""language"":""Hindi"",""value"":""""}]}]"
83d87dd8d42dd3215d61ef4096558464,"[{""_id"":""ce93e65e281ffed2347769d363c25b70"",""isPrimary"":true,""title"":[{""language"":""English"",""value"":""RRB NTPC""},{""language"":""Hindi"",""value"":""""}]}]","[{""_id"":""67bcbee6ffd1bf148fc2fb934d55f07e"",""isPrimary"":true,""title"":[{""language"":""English"",""value"":""Railways Exams""},{""language"":""Hindi"",""value"":""""}]}]"
e53481d3aac8fa28fbe148a3c52b4981,"[{""_id"":""ce93e65e281ffed2347769d363c25b70"",""isPrimary"":true,""title"":[{""language"":""English"",""value"":""RRB NTPC""},{""language"":""Hindi"",""value"":""""}]}]","[{""_id"":""67bcbee6ffd1bf148fc2fb934d55f07e"",""isPrimary"":true,""title"":[{""language"":""English"",""value"":""Railways Exams""},{""language"":""Hindi"",""value"":""""}]}]"
9ffcd66e83c87719d8940d599405bdf1,"[{""_id"":""ce93e65e281ffed2347769d363c25b70"",""isPrimary"":true,""title"":[{""language"":""English"",""value"":""RRB NTPC""},{""language"":""Hindi"",""value"":""""}]}]","[{""_id"":""67bcbee6ffd1bf148fc2fb934d55f07e"",""isPrimary"":true,""title"":[{""language"":""English"",""value"":""Railways Exams""},{""language"":""Hindi"",""value"":""""}]}]"
dc0938912fbcb55f60c15dc6e1d8b588,"[{""_id"":""ce93e65e281ffed2347769d363c25b70"",""isPrimary"":true,""title"":[{""language"":""English"",""value"":""RRB NTPC""},{""language"":""Hindi"",""value"":""""}]}]","[{""_id"":""67bcbee6ffd1bf148fc2fb934d55f07e"",""isPrimary"":true,""title"":[{""language"":""English"",""value"":""Railways Exams""},{""language"":""Hindi"",""value"":""""}]}]"
d73406337853c5f299c5103dcd83d950,"[{""_id"":""ce93e65e281ffed2347769d363c25b70"",""isPrimary"":true,""title"":[{""language"":""English"",""value"":""RRB NTPC""},{""language"":""Hindi"",""value"":""""}]},{""_id"":""b81a8991dd18c0b47f6bc16c47dfa0ae"",""title"":[{""language"":""English"",""value"":""SSC CGL""},{""language"":""Hindi"",""value"":""""}]}]","[{""_id"":""67bcbee6ffd1bf148fc2fb934d55f07e"",""isPrimary"":true,""title"":[{""language"":""English"",""value"":""Railways Exams""},{""language"":""Hindi"",""value"":""""}]}]"
2f4dde5018d717540cc7b9bb7dd11d5a,"[{""_id"":""ce93e65e281ffed2347769d363c25b70"",""isPrimary"":true,""title"":[{""language"":""English"",""value"":""RRB NTPC""},{""language"":""Hindi"",""value"":""""}]}]","[{""_id"":""67bcbee6ffd1bf148fc2fb934d55f07e"",""isPrimary"":true,""title"":[{""language"":""English"",""value"":""Railways Exams""},{""language"":""Hindi"",""value"":""""}]}]"
41f4576698fde7ed83bfad2dca26e936,"[{""_id"":""ce93e65e281ffed2347769d363c25b70"",""isPrimary"":true,""title"":[{""language"":""English"",""value"":""RRB NTPC""},{""language"":""Hindi"",""value"":""""}]},{""_id"":""b81a8991dd18c0b47f6bc16c47dfa0ae"",""title"":[{""language"":""English"",""value"":""SSC CGL""},{""language"":""Hindi"",""value"":""""}]}]","[{""_id"":""67bcbee6ffd1bf148fc2fb934d55f07e"",""isPrimary"":true,""title"":[{""language"":""English"",""value"":""Railways Exams""},{""language"":""Hindi"",""value"":""""}]}]"
57c362fa44b9d38d4f7349e38f4dbb70,"[{""_id"":""ce93e65e281ffed2347769d363c25b70"",""isPrimary"":true,""title"":[{""language"":""English"",""value"":""RRB NTPC""},{""language"":""Hindi"",""value"":""""}]},{""_id"":""b81a8991dd18c0b47f6bc16c47dfa0ae"",""title"":[{""language"":""English"",""value"":""SSC CGL""},{""language"":""Hindi"",""value"":""""}]}]","[{""_id"":""67bcbee6ffd1bf148fc2fb934d55f07e"",""isPrimary"":true,""title"":[{""language"":""English"",""value"":""Railways Exams""},{""language"":""Hindi"",""value"":""""}]}]"
5544c179fd0d221600cc0a041c16b03d,"[{""_id"":""b81a8991dd18c0b47f6bc16c47dfa0ae"",""isPrimary"":true,""title"":[{""language"":""English"",""value"":""SSC CGL""},{""language"":""Hindi"",""value"":""""}]}]","[{""_id"":""e992109a17e84f458f34c1b888c23205"",""isPrimary"":true,""title"":[{""language"":""English"",""value"":""SSC Exams""},{""language"":""Hindi"",""value"":""""}]}]"
6f82a10a670b0518a2cfa303b321e108,"[{""_id"":""b81a8991dd18c0b47f6bc16c47dfa0ae"",""isPrimary"":true,""title"":[{""language"":""English"",""value"":""SSC CGL""},{""language"":""Hindi"",""value"":""""}]}]","[{""_id"":""e992109a17e84f458f34c1b888c23205"",""isPrimary"":true,""title"":[{""language"":""English"",""value"":""SSC Exams""},{""language"":""Hindi"",""value"":""""}]}]"
ce5213d6c20a16932b65a2ffa4db7435,"[{""_id"":""b81a8991dd18c0b47f6bc16c47dfa0ae"",""isPrimary"":true,""title"":[{""language"":""English"",""value"":""SSC CGL""},{""language"":""Hindi"",""value"":""""}]}]","[{""_id"":""e992109a17e84f458f34c1b888c23205"",""isPrimary"":true,""title"":[{""language"":""English"",""value"":""SSC Exams""},{""language"":""Hindi"",""value"":""""}]}]"
8bc5f8c1f75ea5d0f7665b5775c6876a,"[{""_id"":""b81a8991dd18c0b47f6bc16c47dfa0ae"",""isPrimary"":true,""title"":[{""language"":""English"",""value"":""SSC CGL""},{""language"":""Hindi"",""value"":""""}]}]","[{""_id"":""e992109a17e84f458f34c1b888c23205"",""isPrimary"":true,""title"":[{""language"":""English"",""value"":""SSC Exams""},{""language"":""Hindi"",""value"":""""}]}]"
5351f41aa0ed6e413c791a8e5b0ae90c,"[{""_id"":""b81a8991dd18c0b47f6bc16c47dfa0ae"",""isPrimary"":true,""title"":[{""language"":""English"",""value"":""SSC CGL""},{""language"":""Hindi"",""value"":""""}]}]","[{""_id"":""e992109a17e84f458f34c1b888c23205"",""isPrimary"":true,""title"":[{""language"":""English"",""value"":""SSC Exams""},{""language"":""Hindi"",""value"":""""}]}]"
4fcb3923f309447eb29255097647832e,"[{""_id"":""b81a8991dd18c0b47f6bc16c47dfa0ae"",""isPrimary"":true,""title"":[{""language"":""English"",""value"":""SSC CGL""},{""language"":""Hindi"",""value"":""""}]}]","[{""_id"":""e992109a17e84f458f34c1b888c23205"",""isPrimary"":true,""title"":[{""language"":""English"",""value"":""SSC Exams""},{""language"":""Hindi"",""value"":""""}]}]"
3bbe5a030a33eabd1cea0c460c9d0e8f,"[{""_id"":""b81a8991dd18c0b47f6bc16c47dfa0ae"",""isPrimary"":true,""title"":[{""language"":""English"",""value"":""SSC CGL""},{""language"":""Hindi"",""value"":""""}]}]","[{""_id"":""e992109a17e84f458f34c1b888c23205"",""isPrimary"":true,""title"":[{""language"":""English"",""value"":""SSC Exams""},{""language"":""Hindi"",""value"":""""}]}]"
98c75efd6fbbab47030072b8c3eb72fa,"[{""_id"":""938273f6322e14e3ae2ea70e96855a1f"",""isPrimary"":true,""title"":[{""language"":""English"",""value"":""RRC Group D""},{""language"":""Hindi"",""value"":""""}]},{""_id"":""b81a8991dd18c0b47f6bc16c47dfa0ae"",""title"":[{""language"":""English"",""value"":""SSC CGL""},{""language"":""Hindi"",""value"":""""}]}]","[{""_id"":""67bcbee6ffd1bf148fc2fb934d55f07e"",""isPrimary"":true,""title"":[{""language"":""English"",""value"":""Railways Exams""},{""language"":""Hindi"",""value"":""""}]}]"
9f2637561971b632fc56d62831fae561,"[{""_id"":""938273f6322e14e3ae2ea70e96855a1f"",""isPrimary"":true,""title"":[{""language"":""English"",""value"":""RRC Group D""},{""language"":""Hindi"",""value"":""""}]},{""_id"":""b81a8991dd18c0b47f6bc16c47dfa0ae"",""title"":[{""language"":""English"",""value"":""SSC CGL""},{""language"":""Hindi"",""value"":""""}]}]","[{""_id"":""67bcbee6ffd1bf148fc2fb934d55f07e"",""isPrimary"":true,""title"":[{""language"":""English"",""value"":""Railways Exams""},{""language"":""Hindi"",""value"":""""}]}]"
a29aa2a2daaf93193ddd6e109332043c,"[{""_id"":""938273f6322e14e3ae2ea70e96855a1f"",""isPrimary"":true,""title"":[{""language"":""English"",""value"":""RRC Group D""},{""language"":""Hindi"",""value"":""""}]},{""_id"":""b81a8991dd18c0b47f6bc16c47dfa0ae"",""title"":[{""language"":""English"",""value"":""SSC CGL""},{""language"":""Hindi"",""value"":""""}]}]","[{""_id"":""67bcbee6ffd1bf148fc2fb934d55f07e"",""isPrimary"":true,""title"":[{""language"":""English"",""value"":""Railways Exams""},{""language"":""Hindi"",""value"":""""}]}]"
e27d888f06487c279b3af905d1293646,"[{""_id"":""8dce41b95f3777d43d7ac6259bf1c39a"",""isPrimary"":true,""title"":[{""language"":""English"",""value"":""IBPS PO""},{""language"":""Hindi"",""value"":""""}]}]","[{""_id"":""4db3fc331f6c3cc1afcd4cb6938db9d0"",""isPrimary"":true,""title"":[{""language"":""English"",""value"":""Banking Exams""},{""language"":""Hindi"",""value"":""""}]}]"
857c42b22e8956f61afb3a470e85de03,"[{""_id"":""481abd1205b8a03a63984864cd9419bb"",""isPrimary"":true,""title"":[{""language"":""English"",""value"":""IBPS Clerk""},{""language"":""Hindi"",""value"":""""}]}]","[{""_id"":""4db3fc331f6c3cc1afcd4cb6938db9d0"",""isPrimary"":true,""title"":[{""language"":""English"",""value"":""Banking Exams""},{""language"":""Hindi"",""value"":""""}]}]"
5425e4a2b9250f9098b947796a494c5c,"[{""_id"":""69b6d649ca5c4d3a10ae70ddd88ddcc8"",""isPrimary"":true,""title"":[{""language"":""English"",""value"":""SSC Selection Post""},{""language"":""Hindi"",""value"":""""}]}]","[{""_id"":""e992109a17e84f458f34c1b888c23205"",""isPrimary"":true,""title"":[{""language"":""English"",""value"":""SSC Exams""},{""language"":""Hindi"",""value"":""""}]}]"
2a7827b773a20bd7185a13af239b420d,"[{""_id"":""b81a8991dd18c0b47f6bc16c47dfa0ae"",""isPrimary"":true,""title"":[{""language"":""English"",""value"":""SSC CGL""},{""language"":""Hindi"",""value"":""""}]}]","[{""_id"":""e992109a17e84f458f34c1b888c23205"",""isPrimary"":true,""title"":[{""language"":""English"",""value"":""SSC Exams""},{""language"":""Hindi"",""value"":""""}]}]"
ef9d7813d12149b672b574cb59a562ed,"[{""_id"":""21cde520a11aea91d3b0c222ee9f52a4"",""isPrimary"":true,""title"":[{""language"":""English"",""value"":""SBI Clerk""},{""language"":""Hindi"",""value"":""""}]},{""_id"":""a4b3f38ba5a80bc0ccb9d7e2be728229"",""title"":[{""language"":""English"",""value"":""SBI PO""},{""language"":""Hindi"",""value"":""""}]},{""_id"":""8dce41b95f3777d43d7ac6259bf1c39a"",""title"":[{""language"":""English"",""value"":""IBPS PO""},{""language"":""Hindi"",""value"":""""}]},{""_id"":""481abd1205b8a03a63984864cd9419bb"",""title"":[{""language"":""English"",""value"":""IBPS Clerk""},{""language"":""Hindi"",""value"":""""}]}]","[{""_id"":""4db3fc331f6c3cc1afcd4cb6938db9d0"",""isPrimary"":true,""title"":[{""language"":""English"",""value"":""Banking Exams""},{""language"":""Hindi"",""value"":""""}]}]"
d8a50df924ab895a7d6c2cd7c8861dcf,"[{""_id"":""9ed77d9acfeaac2688e99b6e061b5873"",""isPrimary"":true,""title"":[{""language"":""English"",""value"":""SSC JE ME""},{""language"":""Hindi"",""value"":""""}]},{""_id"":""5671296260527d58b8f0b38c79e1f774"",""title"":[{""language"":""English"",""value"":""SSC JE EE""},{""language"":""Hindi"",""value"":""""}]},{""_id"":""73a98d968ca9e75681a6b96a0877fa5d"",""title"":[{""language"":""English"",""value"":""SSC JE CE""},{""language"":""Hindi"",""value"":""""}]}]","[{""_id"":""c1d47cdfe41a7ea2c337dd54c5114168"",""isPrimary"":true,""title"":[{""language"":""English"",""value"":""Engineering Recruitment Exams""},{""language"":""Hindi"",""value"":""""}]}]"
8e6fd1e0016cb324d66c3a3dbff5c646,"[{""_id"":""a4b3f38ba5a80bc0ccb9d7e2be728229"",""isPrimary"":true,""title"":[{""language"":""English"",""value"":""SBI PO""},{""language"":""Hindi"",""value"":""""}]},{""_id"":""21cde520a11aea91d3b0c222ee9f52a4"",""title"":[{""language"":""English"",""value"":""SBI Clerk""},{""language"":""Hindi"",""value"":""""}]},{""_id"":""481abd1205b8a03a63984864cd9419bb"",""title"":[{""language"":""English"",""value"":""IBPS Clerk""},{""language"":""Hindi"",""value"":""""}]},{""_id"":""8dce41b95f3777d43d7ac6259bf1c39a"",""title"":[{""language"":""English"",""value"":""IBPS PO""},{""language"":""Hindi"",""value"":""""}]},{""_id"":""267449cef6a69ddba57803a44daea1fa"",""title"":[{""language"":""English"",""value"":""RRB Officer Scale - I""},{""language"":""Hindi"",""value"":""""}]},{""_id"":""5e85dcf35732f4a71776033551e00ca4"",""title"":[{""language"":""English"",""value"":""RRB Office Assistant""},{""language"":""Hindi"",""value"":""""}]},{""_id"":""4358a135c054133a21785a7ffce4b231"",""title"":[{""language"":""English"",""value"":""NDA""},{""language"":""Hindi"",""value"":""NDA""}]},{""_id"":""16a7a71a6e502baa03d4ae1faa5f33c8"",""title"":[{""language"":""English"",""value"":""CDS""},{""language"":""Hindi"",""value"":""""}]},{""_id"":""5d33facbde2289aa1a4d407dd2c39d7c"",""title"":[{""language"":""English"",""value"":""AFCAT""},{""language"":""Hindi"",""value"":""""}]}]","[{""_id"":""4db3fc331f6c3cc1afcd4cb6938db9d0"",""isPrimary"":true,""title"":[{""language"":""English"",""value"":""Banking Exams""},{""language"":""Hindi"",""value"":""""}]},{""_id"":""58299138e624a0b7a8c85b7ae0c51a1f"",""title"":[{""language"":""English"",""value"":""Defence Exams""},{""language"":""Hindi"",""value"":""""}]}]"
4da2ace913ac84a2948ce941d68da68e,"[{""_id"":""f0cb553bd09b981f4dbca7c0890b108e"",""isPrimary"":true,""title"":[{""language"":""English"",""value"":""Rajasthan Patwari""},{""language"":""Hindi"",""value"":""""}]},{""_id"":""5df14b1e4ecde1e070e52b6523a0a8b9"",""title"":[{""language"":""English"",""value"":""Haryana Patwari""},{""language"":""Hindi"",""value"":""Haryana Patwari""}]},{""_id"":""83178f9ff0a49d87094992bc13c744ed"",""title"":[{""language"":""English"",""value"":""MP Patwari""},{""language"":""Hindi"",""value"":""""}]},{""_id"":""fb92bccbada8723f5cfe5ef8a7044771"",""title"":[{""language"":""English"",""value"":""Bihar Police Constable""},{""language"":""Hindi"",""value"":""""}]},{""_id"":""ff680031e124ff368641d497b4bbbdd2"",""title"":[{""language"":""English"",""value"":""Bihar Police SI""},{""language"":""Hindi"",""value"":""""}]},{""_id"":""fcfecddbc2a9a8dc09e03f460cbd181f"",""title"":[{""language"":""English"",""value"":""UP Police Sub Inspector""},{""language"":""Hindi"",""value"":""""}]},{""_id"":""66898fcf1f4778275616b4f61a8fed0c"",""title"":[{""language"":""English"",""value"":""UP Police Constable""},{""language"":""Hindi"",""value"":""""}]},{""_id"":""e9fae828548a926b3b61cf0c83e611cc"",""title"":[{""language"":""English"",""value"":""Rajasthan Police SI""},{""language"":""Hindi"",""value"":""""}]},{""_id"":""3f616b631ea85bc4d30ad18dc56dc0c1"",""title"":[{""language"":""English"",""value"":""Haryana Police Constable""},{""language"":""Hindi"",""value"":""""}]},{""_id"":""d6424074fbe63ebc318dd438d724ae92"",""title"":[{""language"":""English"",""value"":""Rajasthan Police Constable""},{""language"":""Hindi"",""value"":""""}]}]","[{""_id"":""b44c28652d35c281b32c5dafb27ae341"",""title"":[{""language"":""English"",""value"":""State Govt. Exams""},{""language"":""Hindi"",""value"":""""}]}]"
99488ede6af2162584c5018e90bf132b,"[{""_id"":""21cde520a11aea91d3b0c222ee9f52a4"",""isPrimary"":true,""title"":[{""language"":""English"",""value"":""SBI Clerk""},{""language"":""Hindi"",""value"":""""}]},{""_id"":""a4b3f38ba5a80bc0ccb9d7e2be728229"",""title"":[{""language"":""English"",""value"":""SBI PO""},{""language"":""Hindi"",""value"":""""}]},{""_id"":""481abd1205b8a03a63984864cd9419bb"",""title"":[{""language"":""English"",""value"":""IBPS Clerk""},{""language"":""Hindi"",""value"":""""}]},{""_id"":""8dce41b95f3777d43d7ac6259bf1c39a"",""title"":[{""language"":""English"",""value"":""IBPS PO""},{""language"":""Hindi"",""value"":""""}]},{""_id"":""90ba4a22d9e2753ed26ee38e30e8e796"",""title"":[{""language"":""English"",""value"":""RBI Grade B""},{""language"":""Hindi"",""value"":""""}]},{""_id"":""b81a8991dd18c0b47f6bc16c47dfa0ae"",""title"":[{""language"":""English"",""value"":""SSC CGL""},{""language"":""Hindi"",""value"":""""}]}]","[{""_id"":""4db3fc331f6c3cc1afcd4cb6938db9d0"",""isPrimary"":true,""title"":[{""language"":""English"",""value"":""Banking Exams""},{""language"":""Hindi"",""value"":""""}]}]"
69d16ddfe38ec82442a82658ba4e399b,"[{""_id"":""1314a41c5b61f0c42ef3f2750637a58d"",""isPrimary"":true,""title"":[{""language"":""English"",""value"":""INET""},{""language"":""Hindi"",""value"":""INET""}]}]","[{""_id"":""58299138e624a0b7a8c85b7ae0c51a1f"",""isPrimary"":true,""title"":[{""language"":""English"",""value"":""Defence Exams""},{""language"":""Hindi"",""value"":""""}]}]"
8c87c97dfc97b6a69995a93ae5763413,"[{""_id"":""b81a8991dd18c0b47f6bc16c47dfa0ae"",""isPrimary"":true,""title"":[{""language"":""English"",""value"":""SSC CGL""},{""language"":""Hindi"",""value"":""""}]},{""_id"":""b5dc7859e29e978c0c93d8592dd2a3c0"",""title"":[{""language"":""English"",""value"":""SSC CHSL""},{""language"":""Hindi"",""value"":""""}]},{""_id"":""ce93e65e281ffed2347769d363c25b70"",""title"":[{""language"":""English"",""value"":""RRB NTPC""},{""language"":""Hindi"",""value"":""""}]},{""_id"":""938273f6322e14e3ae2ea70e96855a1f"",""title"":[{""language"":""English"",""value"":""RRC Group D""},{""language"":""Hindi"",""value"":""""}]},{""_id"":""5c40422667cfdc719fe3f4d48130b34f"",""title"":[{""language"":""English"",""value"":""SSC MTS""},{""language"":""Hindi"",""value"":""""}]}]","[{""_id"":""e992109a17e84f458f34c1b888c23205"",""isPrimary"":true,""title"":[{""language"":""English"",""value"":""SSC Exams""},{""language"":""Hindi"",""value"":""""}]},{""_id"":""67bcbee6ffd1bf148fc2fb934d55f07e"",""title"":[{""language"":""English"",""value"":""Railways Exams""},{""language"":""Hindi"",""value"":""""}]}]"
109052ee3f95106624c4c3ac5f144b05,"[{""_id"":""267449cef6a69ddba57803a44daea1fa"",""isPrimary"":true,""title"":[{""language"":""English"",""value"":""RRB Officer Scale - I""},{""language"":""Hindi"",""value"":""""}]}]","[{""_id"":""4db3fc331f6c3cc1afcd4cb6938db9d0"",""isPrimary"":true,""title"":[{""language"":""English"",""value"":""Banking Exams""},{""language"":""Hindi"",""value"":""""}]}]"
b61d1b81d9c3881dbb7ecc38d4161f89,"[{""_id"":""5e85dcf35732f4a71776033551e00ca4"",""isPrimary"":true,""title"":[{""language"":""English"",""value"":""RRB Office Assistant""},{""language"":""Hindi"",""value"":""""}]}]","[{""_id"":""4db3fc331f6c3cc1afcd4cb6938db9d0"",""isPrimary"":true,""title"":[{""language"":""English"",""value"":""Banking Exams""},{""language"":""Hindi"",""value"":""""}]}]"
0db2e72c48b89cdaa961666fcc20d5d8,"[{""_id"":""b81a8991dd18c0b47f6bc16c47dfa0ae"",""isPrimary"":true,""title"":[{""language"":""English"",""value"":""SSC CGL""},{""language"":""Hindi"",""value"":""""}]},{""_id"":""16a7a71a6e502baa03d4ae1faa5f33c8"",""title"":[{""language"":""English"",""value"":""CDS""},{""language"":""Hindi"",""value"":""""}]},{""_id"":""5d33facbde2289aa1a4d407dd2c39d7c"",""title"":[{""language"":""English"",""value"":""AFCAT""},{""language"":""Hindi"",""value"":""""}]},{""_id"":""1314a41c5b61f0c42ef3f2750637a58d"",""title"":[{""language"":""English"",""value"":""INET""},{""language"":""Hindi"",""value"":""INET""}]},{""_id"":""ce93e65e281ffed2347769d363c25b70"",""title"":[{""language"":""English"",""value"":""RRB NTPC""},{""language"":""Hindi"",""value"":""""}]},{""_id"":""938273f6322e14e3ae2ea70e96855a1f"",""title"":[{""language"":""English"",""value"":""RRC Group D""},{""language"":""Hindi"",""value"":""""}]}]","[{""_id"":""e992109a17e84f458f34c1b888c23205"",""isPrimary"":true,""title"":[{""language"":""English"",""value"":""SSC Exams""},{""language"":""Hindi"",""value"":""""}]},{""_id"":""58299138e624a0b7a8c85b7ae0c51a1f"",""title"":[{""language"":""English"",""value"":""Defence Exams""},{""language"":""Hindi"",""value"":""""}]},{""_id"":""67bcbee6ffd1bf148fc2fb934d55f07e"",""title"":[{""language"":""English"",""value"":""Railways Exams""},{""language"":""Hindi"",""value"":""""}]}]"
8f69583ccddbb595da1d6c3eeaf1eba2,"[{""_id"":""ce93e65e281ffed2347769d363c25b70"",""isPrimary"":true,""title"":[{""language"":""English"",""value"":""RRB NTPC""},{""language"":""Hindi"",""value"":""""}]},{""_id"":""938273f6322e14e3ae2ea70e96855a1f"",""title"":[{""language"":""English"",""value"":""RRC Group D""},{""language"":""Hindi"",""value"":""""}]},{""_id"":""ddb1ea775d3fb3576b19b053a8cb3a0a"",""title"":[{""language"":""English"",""value"":""RRB JE""},{""language"":""Hindi"",""value"":""""}]}]","[{""_id"":""67bcbee6ffd1bf148fc2fb934d55f07e"",""isPrimary"":true,""title"":[{""language"":""English"",""value"":""Railways Exams""},{""language"":""Hindi"",""value"":""""}]}]"
f9515ee4736d770719618ae8715b7a02,"[{""_id"":""5d33facbde2289aa1a4d407dd2c39d7c"",""isPrimary"":true,""title"":[{""language"":""English"",""value"":""AFCAT""},{""language"":""Hindi"",""value"":""""}]}]","[{""_id"":""58299138e624a0b7a8c85b7ae0c51a1f"",""isPrimary"":true,""title"":[{""language"":""English"",""value"":""Defence Exams""},{""language"":""Hindi"",""value"":""""}]}]"
b6b1a6929421427b9c4cf2b259e5ee22,"[{""_id"":""b81a8991dd18c0b47f6bc16c47dfa0ae"",""isPrimary"":true,""title"":[{""language"":""English"",""value"":""SSC CGL""},{""language"":""Hindi"",""value"":""""}]},{""_id"":""d2fbe7905f7f98b8bad4049d937dc090"",""title"":[{""language"":""English"",""value"":""SSC CPO""},{""language"":""Hindi"",""value"":""""}]},{""_id"":""b5dc7859e29e978c0c93d8592dd2a3c0"",""title"":[{""language"":""English"",""value"":""SSC CHSL""},{""language"":""Hindi"",""value"":""""}]}]","[{""_id"":""e992109a17e84f458f34c1b888c23205"",""isPrimary"":true,""title"":[{""language"":""English"",""value"":""SSC Exams""},{""language"":""Hindi"",""value"":""""}]}]"
cf60041477f744215253fb18bcd46af5,"[{""_id"":""b81a8991dd18c0b47f6bc16c47dfa0ae"",""isPrimary"":true,""title"":[{""language"":""English"",""value"":""SSC CGL""},{""language"":""Hindi"",""value"":""""}]},{""_id"":""ce93e65e281ffed2347769d363c25b70"",""title"":[{""language"":""English"",""value"":""RRB NTPC""},{""language"":""Hindi"",""value"":""""}]},{""_id"":""938273f6322e14e3ae2ea70e96855a1f"",""title"":[{""language"":""English"",""value"":""RRC Group D""},{""language"":""Hindi"",""value"":""""}]},{""_id"":""b5dc7859e29e978c0c93d8592dd2a3c0"",""title"":[{""language"":""English"",""value"":""SSC CHSL""},{""language"":""Hindi"",""value"":""""}]}]","[{""_id"":""e992109a17e84f458f34c1b888c23205"",""isPrimary"":true,""title"":[{""language"":""English"",""value"":""SSC Exams""},{""language"":""Hindi"",""value"":""""}]},{""_id"":""67bcbee6ffd1bf148fc2fb934d55f07e"",""title"":[{""language"":""English"",""value"":""Railways Exams""},{""language"":""Hindi"",""value"":""""}]}]"
8dbdf3dc81630ef31b50e7846d1bdb9e,"[{""_id"":""b81a8991dd18c0b47f6bc16c47dfa0ae"",""isPrimary"":true,""title"":[{""language"":""English"",""value"":""SSC CGL""},{""language"":""Hindi"",""value"":""""}]},{""_id"":""69b6d649ca5c4d3a10ae70ddd88ddcc8"",""title"":[{""language"":""English"",""value"":""SSC Selection Post""},{""language"":""Hindi"",""value"":""""}]},{""_id"":""ce93e65e281ffed2347769d363c25b70"",""title"":[{""language"":""English"",""value"":""RRB NTPC""},{""language"":""Hindi"",""value"":""""}]},{""_id"":""938273f6322e14e3ae2ea70e96855a1f"",""title"":[{""language"":""English"",""value"":""RRC Group D""},{""language"":""Hindi"",""value"":""""}]},{""_id"":""b5dc7859e29e978c0c93d8592dd2a3c0"",""title"":[{""language"":""English"",""value"":""SSC CHSL""},{""language"":""Hindi"",""value"":""""}]},{""_id"":""5c40422667cfdc719fe3f4d48130b34f"",""title"":[{""language"":""English"",""value"":""SSC MTS""},{""language"":""Hindi"",""value"":""""}]}]","[{""_id"":""e992109a17e84f458f34c1b888c23205"",""isPrimary"":true,""title"":[{""language"":""English"",""value"":""SSC Exams""},{""language"":""Hindi"",""value"":""""}]}]"
c117657c99c805eacfec013dcc17491f,"[{""_id"":""b81a8991dd18c0b47f6bc16c47dfa0ae"",""isPrimary"":true,""title"":[{""language"":""English"",""value"":""SSC CGL""},{""language"":""Hindi"",""value"":""""}]}]","[{""_id"":""e992109a17e84f458f34c1b888c23205"",""isPrimary"":true,""title"":[{""language"":""English"",""value"":""SSC Exams""},{""language"":""Hindi"",""value"":""""}]}]"
03afc06d8f78b0f3f3a83bfdc6521f84,"[{""_id"":""d2fbe7905f7f98b8bad4049d937dc090"",""isPrimary"":true,""title"":[{""language"":""English"",""value"":""SSC CPO""},{""language"":""Hindi"",""value"":""""}]}]","[{""_id"":""e992109a17e84f458f34c1b888c23205"",""isPrimary"":true,""title"":[{""language"":""English"",""value"":""SSC Exams""},{""language"":""Hindi"",""value"":""""}]}]"
355a79d3cf86b46b1e37e864394333f8,"[{""_id"":""b81a8991dd18c0b47f6bc16c47dfa0ae"",""isPrimary"":true,""title"":[{""language"":""English"",""value"":""SSC CGL""},{""language"":""Hindi"",""value"":""""}]},{""_id"":""d2fbe7905f7f98b8bad4049d937dc090"",""title"":[{""language"":""English"",""value"":""SSC CPO""},{""language"":""Hindi"",""value"":""""}]},{""_id"":""b5dc7859e29e978c0c93d8592dd2a3c0"",""title"":[{""language"":""English"",""value"":""SSC CHSL""},{""language"":""Hindi"",""value"":""""}]}]","[{""_id"":""e992109a17e84f458f34c1b888c23205"",""isPrimary"":true,""title"":[{""language"":""English"",""value"":""SSC Exams""},{""language"":""Hindi"",""value"":""""}]}]"
a1af6fd7d7547a01bb8ecc445ab20e48,"[{""_id"":""a4b3f38ba5a80bc0ccb9d7e2be728229"",""isPrimary"":true,""title"":[{""language"":""English"",""value"":""SBI PO""},{""language"":""Hindi"",""value"":""""}]},{""_id"":""8dce41b95f3777d43d7ac6259bf1c39a"",""title"":[{""language"":""English"",""value"":""IBPS PO""},{""language"":""Hindi"",""value"":""""}]},{""_id"":""21cde520a11aea91d3b0c222ee9f52a4"",""title"":[{""language"":""English"",""value"":""SBI Clerk""},{""language"":""Hindi"",""value"":""""}]},{""_id"":""267449cef6a69ddba57803a44daea1fa"",""title"":[{""language"":""English"",""value"":""RRB Officer Scale - I""},{""language"":""Hindi"",""value"":""""}]},{""_id"":""5e85dcf35732f4a71776033551e00ca4"",""title"":[{""language"":""English"",""value"":""RRB Office Assistant""},{""language"":""Hindi"",""value"":""""}]}]","[{""_id"":""4db3fc331f6c3cc1afcd4cb6938db9d0"",""isPrimary"":true,""title"":[{""language"":""English"",""value"":""Banking Exams""},{""language"":""Hindi"",""value"":""""}]}]"
e2e15f7b9ea0df0fbab2d5c6929a894e,"[{""_id"":""8dce41b95f3777d43d7ac6259bf1c39a"",""isPrimary"":true,""title"":[{""language"":""English"",""value"":""IBPS PO""},{""language"":""Hindi"",""value"":""""}]}]","[{""_id"":""4db3fc331f6c3cc1afcd4cb6938db9d0"",""isPrimary"":true,""title"":[{""language"":""English"",""value"":""Banking Exams""},{""language"":""Hindi"",""value"":""""}]}]"
d1d28e0e585dec3ad079b422d4e2f7a0,"[{""_id"":""4358a135c054133a21785a7ffce4b231"",""isPrimary"":true,""title"":[{""language"":""English"",""value"":""NDA""},{""language"":""Hindi"",""value"":""NDA""}]},{""_id"":""88674eb5d8649eed507dc0b9be85890d"",""title"":[{""language"":""English"",""value"":""Airforce Group X""},{""language"":""Hindi"",""value"":""""}]}]","[{""_id"":""58299138e624a0b7a8c85b7ae0c51a1f"",""isPrimary"":true,""title"":[{""language"":""English"",""value"":""Defence Exams""},{""language"":""Hindi"",""value"":""""}]}]"
577e5a0e808d8cba932172b7796e3d08,"[{""_id"":""b81a8991dd18c0b47f6bc16c47dfa0ae"",""isPrimary"":true,""title"":[{""language"":""English"",""value"":""SSC CGL""},{""language"":""Hindi"",""value"":""""}]},{""_id"":""d2fbe7905f7f98b8bad4049d937dc090"",""title"":[{""language"":""English"",""value"":""SSC CPO""},{""language"":""Hindi"",""value"":""""}]},{""_id"":""e3982307901f966a3020ac8684652fdd"",""title"":[{""language"":""English"",""value"":""SSC JHT""},{""language"":""Hindi"",""value"":""""}]},{""_id"":""5c40422667cfdc719fe3f4d48130b34f"",""title"":[{""language"":""English"",""value"":""SSC MTS""},{""language"":""Hindi"",""value"":""""}]},{""_id"":""b5dc7859e29e978c0c93d8592dd2a3c0"",""title"":[{""language"":""English"",""value"":""SSC CHSL""},{""language"":""Hindi"",""value"":""""}]},{""_id"":""ce93e65e281ffed2347769d363c25b70"",""title"":[{""language"":""English"",""value"":""RRB NTPC""},{""language"":""Hindi"",""value"":""""}]},{""_id"":""ddb1ea775d3fb3576b19b053a8cb3a0a"",""title"":[{""language"":""English"",""value"":""RRB JE""},{""language"":""Hindi"",""value"":""""}]},{""_id"":""40940450727bddbda3ba13662efbf5dc"",""title"":[{""language"":""English"",""value"":""RRB ALP""},{""language"":""Hindi"",""value"":""""}]}]","[{""_id"":""e992109a17e84f458f34c1b888c23205"",""isPrimary"":true,""title"":[{""language"":""English"",""value"":""SSC Exams""},{""language"":""Hindi"",""value"":""""}]},{""_id"":""67bcbee6ffd1bf148fc2fb934d55f07e"",""title"":[{""language"":""English"",""value"":""Railways Exams""},{""language"":""Hindi"",""value"":""""}]}]"
aa12fb8ead3d56b6cb10a92f252e4706,"[{""_id"":""3712244c886f1d5bfa634a4a4b1525de"",""isPrimary"":true,""title"":[{""language"":""English"",""value"":""Delhi Police Constable""},{""language"":""Hindi"",""value"":""""}]},{""_id"":""3a33dafe92fabb1d210f48951b0317cd"",""title"":[{""language"":""English"",""value"":""Delhi Police Head Constable""},{""language"":""Hindi"",""value"":""""}]}]","[{""_id"":""b4079255a4b812351b0a98cc4f5ad675"",""isPrimary"":true,""title"":[{""language"":""English"",""value"":""Police Exams""},{""language"":""Hindi"",""value"":""""}]}]"
dd43b9476073af8599e6a25ebcb7b8ba,"[{""_id"":""f0866d0013374c071be03bb6511faf11"",""isPrimary"":true,""title"":[{""language"":""English"",""value"":""Skill Courses""},{""language"":""Hindi"",""value"":""कौशल कोर्स""}]}]","[{""_id"":""09b12737a8cd173b05e9d16e456e8560"",""isPrimary"":true,""title"":[{""language"":""English"",""value"":""Professional Skills""},{""language"":""Hindi"",""value"":""व्यावसायिक कौशल""}]}]"
1c99307a403f736ead59585c1d100302,"[{""_id"":""f0866d0013374c071be03bb6511faf11"",""isPrimary"":true,""title"":[{""language"":""English"",""value"":""Skill Courses""},{""language"":""Hindi"",""value"":""कौशल कोर्स""}]}]","[{""_id"":""09b12737a8cd173b05e9d16e456e8560"",""isPrimary"":true,""title"":[{""language"":""English"",""value"":""Professional Skills""},{""language"":""Hindi"",""value"":""व्यावसायिक कौशल""}]}]"
5b24830cb5931da3c539ccc6613d3822,"[{""_id"":""f0866d0013374c071be03bb6511faf11"",""isPrimary"":true,""title"":[{""language"":""English"",""value"":""Skill Courses""},{""language"":""Hindi"",""value"":""कौशल कोर्स""}]}]","[{""_id"":""09b12737a8cd173b05e9d16e456e8560"",""isPrimary"":true,""title"":[{""language"":""English"",""value"":""Professional Skills""},{""language"":""Hindi"",""value"":""व्यावसायिक कौशल""}]}]"
80b4de80b4edc8b9221993e8df8c8ecc,"[{""_id"":""f0866d0013374c071be03bb6511faf11"",""isPrimary"":true,""title"":[{""language"":""English"",""value"":""Skill Courses""},{""language"":""Hindi"",""value"":""कौशल कोर्स""}]}]","[{""_id"":""09b12737a8cd173b05e9d16e456e8560"",""isPrimary"":true,""title"":[{""language"":""English"",""value"":""Professional Skills""},{""language"":""Hindi"",""value"":""व्यावसायिक कौशल""}]}]"
68990e2cbf933c71b0b5b3767d5dafe6,"[{""_id"":""16a7a71a6e502baa03d4ae1faa5f33c8"",""isPrimary"":true,""title"":[{""language"":""English"",""value"":""CDS""},{""language"":""Hindi"",""value"":""""}]},{""_id"":""4358a135c054133a21785a7ffce4b231"",""title"":[{""language"":""English"",""value"":""NDA""},{""language"":""Hindi"",""value"":""NDA""}]},{""_id"":""5d33facbde2289aa1a4d407dd2c39d7c"",""title"":[{""language"":""English"",""value"":""AFCAT""},{""language"":""Hindi"",""value"":""""}]}]","[{""_id"":""58299138e624a0b7a8c85b7ae0c51a1f"",""isPrimary"":true,""title"":[{""language"":""English"",""value"":""Defence Exams""},{""language"":""Hindi"",""value"":""""}]}]"
a3b319c6d2b11b27dc20b93109f58a96,"[{""_id"":""f0866d0013374c071be03bb6511faf11"",""isPrimary"":true,""title"":[{""language"":""English"",""value"":""Skill Courses""},{""language"":""Hindi"",""value"":""कौशल कोर्स""}]}]","[{""_id"":""09b12737a8cd173b05e9d16e456e8560"",""isPrimary"":true,""title"":[{""language"":""English"",""value"":""Professional Skills""},{""language"":""Hindi"",""value"":""व्यावसायिक कौशल""}]}]"
b1c49e64f75f403d32958bd9bd537921,"[{""_id"":""ff680031e124ff368641d497b4bbbdd2"",""isPrimary"":true,""title"":[{""language"":""English"",""value"":""Bihar Police SI""},{""language"":""Hindi"",""value"":""""}]}]","[{""_id"":""b4079255a4b812351b0a98cc4f5ad675"",""isPrimary"":true,""title"":[{""language"":""English"",""value"":""Police Exams""},{""language"":""Hindi"",""value"":""""}]}]"
1597ef0af258665c339f498dd3760a79,"[{""_id"":""a4b3f38ba5a80bc0ccb9d7e2be728229"",""isPrimary"":true,""title"":[{""language"":""English"",""value"":""SBI PO""},{""language"":""Hindi"",""value"":""""}]}]","[{""_id"":""4db3fc331f6c3cc1afcd4cb6938db9d0"",""isPrimary"":true,""title"":[{""language"":""English"",""value"":""Banking Exams""},{""language"":""Hindi"",""value"":""""}]}]"
8962013152a39859e9ee1f21f1645b07,"[{""_id"":""b81a8991dd18c0b47f6bc16c47dfa0ae"",""isPrimary"":true,""title"":[{""language"":""English"",""value"":""SSC CGL""},{""language"":""Hindi"",""value"":""""}]}]","[{""_id"":""e992109a17e84f458f34c1b888c23205"",""isPrimary"":true,""title"":[{""language"":""English"",""value"":""SSC Exams""},{""language"":""Hindi"",""value"":""""}]}]"
5508ad5ab5b93909e77e3c468de320ed,"[{""_id"":""4358a135c054133a21785a7ffce4b231"",""isPrimary"":true,""title"":[{""language"":""English"",""value"":""NDA""},{""language"":""Hindi"",""value"":""NDA""}]},{""_id"":""88674eb5d8649eed507dc0b9be85890d"",""title"":[{""language"":""English"",""value"":""Airforce Group X""},{""language"":""Hindi"",""value"":""""}]}]","[{""_id"":""58299138e624a0b7a8c85b7ae0c51a1f"",""isPrimary"":true,""title"":[{""language"":""English"",""value"":""Defence Exams""},{""language"":""Hindi"",""value"":""""}]}]"
3be3836fb1453491f7b7db1b2712e8db,"[{""_id"":""b81a8991dd18c0b47f6bc16c47dfa0ae"",""isPrimary"":true,""title"":[{""language"":""English"",""value"":""SSC CGL""},{""language"":""Hindi"",""value"":""""}]}]","[{""_id"":""e992109a17e84f458f34c1b888c23205"",""isPrimary"":true,""title"":[{""language"":""English"",""value"":""SSC Exams""},{""language"":""Hindi"",""value"":""""}]}]"
df4b5cec8ecaef0e1308931ede355f99,"[{""_id"":""ff680031e124ff368641d497b4bbbdd2"",""isPrimary"":true,""title"":[{""language"":""English"",""value"":""Bihar Police SI""},{""language"":""Hindi"",""value"":""""}]},{""_id"":""83178f9ff0a49d87094992bc13c744ed"",""title"":[{""language"":""English"",""value"":""MP Patwari""},{""language"":""Hindi"",""value"":""""}]},{""_id"":""f0cb553bd09b981f4dbca7c0890b108e"",""title"":[{""language"":""English"",""value"":""Rajasthan Patwari""},{""language"":""Hindi"",""value"":""""}]},{""_id"":""5df14b1e4ecde1e070e52b6523a0a8b9"",""title"":[{""language"":""English"",""value"":""Haryana Patwari""},{""language"":""Hindi"",""value"":""Haryana Patwari""}]}]","[{""_id"":""b4079255a4b812351b0a98cc4f5ad675"",""isPrimary"":true,""title"":[{""language"":""English"",""value"":""Police Exams""},{""language"":""Hindi"",""value"":""""}]}]"
c64ca44849ae86093254a01b5748466f,"[{""_id"":""7a5d8c4c00f5f6340f28ba4b49e519ba"",""isPrimary"":true,""title"":[{""language"":""English"",""value"":""GATE ME""},{""language"":""Hindi"",""value"":""""}]}]","[{""_id"":""c1d47cdfe41a7ea2c337dd54c5114168"",""isPrimary"":true,""title"":[{""language"":""English"",""value"":""Engineering Recruitment Exams""},{""language"":""Hindi"",""value"":""""}]}]"
291f1a82bd52d4ce5147d6b2d5d19590,"[{""_id"":""abb58a746bcf98536bfc8786d4926662"",""isPrimary"":true,""title"":[{""language"":""English"",""value"":""GATE CS""},{""language"":""Hindi"",""value"":""""}]}]","[{""_id"":""c1d47cdfe41a7ea2c337dd54c5114168"",""isPrimary"":true,""title"":[{""language"":""English"",""value"":""Engineering Recruitment Exams""},{""language"":""Hindi"",""value"":""""}]}]"
efb1474cc7b29b9c06669a01331015e0,"[{""_id"":""b81a8991dd18c0b47f6bc16c47dfa0ae"",""isPrimary"":true,""title"":[{""language"":""English"",""value"":""SSC CGL""},{""language"":""Hindi"",""value"":""""}]},{""_id"":""b5dc7859e29e978c0c93d8592dd2a3c0"",""title"":[{""language"":""English"",""value"":""SSC CHSL""},{""language"":""Hindi"",""value"":""""}]},{""_id"":""5c40422667cfdc719fe3f4d48130b34f"",""title"":[{""language"":""English"",""value"":""SSC MTS""},{""language"":""Hindi"",""value"":""""}]},{""_id"":""3712244c886f1d5bfa634a4a4b1525de"",""title"":[{""language"":""English"",""value"":""Delhi Police Constable""},{""language"":""Hindi"",""value"":""""}]},{""_id"":""ff680031e124ff368641d497b4bbbdd2"",""title"":[{""language"":""English"",""value"":""Bihar Police SI""},{""language"":""Hindi"",""value"":""""}]},{""_id"":""ce93e65e281ffed2347769d363c25b70"",""title"":[{""language"":""English"",""value"":""RRB NTPC""},{""language"":""Hindi"",""value"":""""}]},{""_id"":""938273f6322e14e3ae2ea70e96855a1f"",""title"":[{""language"":""English"",""value"":""RRC Group D""},{""language"":""Hindi"",""value"":""""}]}]","[{""_id"":""e992109a17e84f458f34c1b888c23205"",""isPrimary"":true,""title"":[{""language"":""English"",""value"":""SSC Exams""},{""language"":""Hindi"",""value"":""""}]},{""_id"":""67bcbee6ffd1bf148fc2fb934d55f07e"",""title"":[{""language"":""English"",""value"":""Railways Exams""},{""language"":""Hindi"",""value"":""""}]}]"
